{
  "name": "D35E",
  "title": "3.5e SRD",
  "description": "Implementation of 3.5 edition System Reference Document for Foundry VTT. Aiming to provide 100% SRD coverage.",
  "version": "0.99.1",
  "author": "Rughalt",
  "templateVersion": 2,
  "scripts": [],
  "esmodules": ["D35E.js"],
  "styles": ["D35E.css"],
  "packs": [
    {
      "name": "classes",
      "label": "Classes",
      "system": "D35E",
      "path": "./packs/classes.db",
      "entity": "Item"
    },
    {
      "name": "minion-classes",
      "label": "Minion Classes",
      "system": "D35E",
      "path": "./packs/minion-classes.db",
      "entity": "Item"
    },
    {
      "name": "commonbuffs",
      "label": "Common Buffs",
      "system": "D35E",
      "path": "./packs/commonbuffs.db",
      "entity": "Item"
    },
    {
      "name": "common-auras",
      "label": "Common Auras",
      "system": "D35E",
      "path": "./packs/commonauras.db",
      "entity": "Item"
    },
    {
      "name": "item-buffs",
      "label": "Item Buffs",
      "system": "D35E",
      "path": "./packs/itembuffs.db",
      "entity": "Item"
    },
    {
      "name": "magicitems",
      "label": "Magic Items",
      "system": "D35E",
      "path": "./packs/magic-items.db",
      "entity": "Item"
    },
    {
      "name": "racialfeatures",
      "label": "Races",
      "system": "D35E",
      "path": "./packs/racialfeatures.db",
      "entity": "Item"
    },
    {
      "name": "racial-abilities",
      "label": "Racial Abilities",
      "system": "D35E",
      "path": "./packs/racial-abilities.db",
      "entity": "Item"
    },
    {
      "name": "natural-attacks",
      "label": "Natural Attacks",
      "system": "D35E",
      "path": "./packs/natural-attacks.db",
      "entity": "Item"
    },
    {
      "name": "class-abilities",
      "label": "Class Abilities",
      "system": "D35E",
      "path": "./packs/class-abilities.db",
      "entity": "Item"
    },
    {
      "name": "spelllike",
      "label": "Spell-Like Abilities",
      "system": "D35E",
      "path": "./packs/spell-like-abilities.db",
      "entity": "Item"
    },
    {
      "name": "spells",
      "label": "Spells",
      "system": "D35E",
      "path": "./packs/spells.db",
      "entity": "Item"
    },{
      "name": "spell-schools-domains",
      "label": "Spell Schools and Domains",
      "system": "D35E",
      "path": "./packs/spell-school-domain.db",
      "entity": "Item"
    },{
      "name": "templates",
      "label": "Templates",
      "system": "D35E",
      "path": "./packs/templates.db",
      "entity": "Item"
    },
    {
      "name": "powers",
      "label": "Powers",
      "system": "D35E",
      "path": "./packs/powers.db",
      "entity": "Item"
    },
    {
      "name": "feats",
      "label": "Feats",
      "system": "D35E",
      "path": "./packs/feats.db",
      "entity": "Item"
    },
    {
      "name": "items",
      "label": "Items",
      "system": "D35E",
      "path": "./packs/items.db",
      "entity": "Item"
    },
    {
      "name": "armors-and-shields",
      "label": "Armor and Shields",
      "system": "D35E",
      "path": "./packs/armors-and-shields.db",
      "entity": "Item"
    },
    {
      "name": "enhancements",
      "label": "Enhancements",
      "system": "D35E",
      "path": "./packs/enhancements.db",
      "entity": "Item"
    },
    {
      "name": "weapons-and-ammo",
      "label": "Weapons and Ammo",
      "system": "D35E",
      "path": "./packs/weapons-and-ammo.db",
      "entity": "Item"
    },
    {
      "name": "racialhd",
      "label": "Racial HD",
      "system": "D35E",
      "path": "./packs/racial-hd.db",
      "entity": "Item"
    },
    {
      "name": "materials",
      "label": "Materials",
      "system": "D35E",
      "path": "./packs/materials.db",
      "entity": "Item"
    },
    {
      "name": "damage-types",
      "label": "Damage Types",
      "system": "D35E",
      "path": "./packs/damage-types.db",
      "entity": "Item"
    },
    {
      "name": "srd-rules",
      "label": "SRD Rules Extended Descriptions",
      "system": "D35E",
      "path": "./packs/srd-rules.db",
      "entity": "JournalEntry"
    },
    {
      "name": "sample-macros",
      "label": "Sample Macros",
      "system": "D35E",
      "path": "./packs/sample-macros.db",
      "entity": "Macro"
    },
    {
      "name": "roll-tables",
      "label": "Roll Tables",
      "system": "D35E",
      "path": "./packs/roll-tables.db",
      "entity": "RollTable"
    },
    {
      "name": "item-roll-tables",
      "label": "Item Roll Tables",
      "system": "D35E",
      "path": "./packs/item-roll-tables.db",
      "entity": "RollTable"
    },
    {
      "name": "bestiary",
      "label": "Bestiary",
      "system": "D35E",
      "path": "./packs/bestiary.db",
      "entity": "Actor"
    },
    {
      "name": "minion",
      "label": "Minions (Familiars, Animal Companions)",
      "system": "D35E",
      "path": "./packs/minions.db",
      "entity": "Actor"
    },
    {
      "name": "sample-chars",
      "label": "Sample Characters",
      "system": "D35E",
      "path": "./packs/sample-chars.db",
      "entity": "Actor"
    },
    {
      "name": "traps",
      "label": "Traps",
      "system": "D35E",
      "path": "./packs/traps.db",
      "entity": "Actor"
    },
    {
      "name": "conditions",
      "label": "Conditions",
      "system": "D35E",
      "path": "./packs/conditions.db",
      "entity": "JournalEntry"
    },
    {
      "name": "docs",
      "label": "Documentation",
      "system": "D35E",
      "path": "./packs/documentation.db",
      "entity": "JournalEntry"
    },
    {
      "name": "scenes",
      "label": "Scenes",
      "system": "D35E",
      "path": "./packs/scenes.db",
      "entity": "Scene"
    }
  ],
  "languages": [
    {
      "lang": "en",
      "name": "English",
      "path": "lang/en.json"
    },
    {
      "lang": "de",
      "name": "German",
      "path": "lang/de.json"
    },
    {
      "lang": "es",
      "name": "Spanish",
      "path": "lang/es.json"
    },
    {
      "lang": "fr",
      "name": "French",
      "path": "lang/fr.json"
    },
    {
      "lang": "pt-BR",
      "name": "Português (Brasil)",
      "path": "lang/br.json"
    }
  ],
  "socket": true,
  "initiative": "1d20 + @attributes.init.total + (@attributes.init.total / 100)",
  "gridDistance": 5,
  "gridUnits": "ft",
  "primaryTokenAttribute": "attributes.hp",
  "secondaryTokenAttribute": null,
  "minimumCoreVersion": "9",
  "compatibleCoreVersion": "9",
  "url": "https://github.com/Rughalt/d35e",
  "manifest": "https://www.legaciesofthedragon.com/D35E/system.json",
  "download": "https://www.legaciesofthedragon.com/D35E/dnd35e.zip",
  "media": [
    {
      "type": "cover",
      "link": "https://legaciesofthedragon.com/img/logo-dnd35e-bazaar.png"
    }
  ]
}
